{"eta_seconds": 5635.165578585729, "iteration": 19, "lr": 5.750053198797161e-06, "time": 0.20139977049984736}
{"eta_seconds": 5522.893183326814, "iteration": 39, "lr": 9.697477618583649e-06, "time": 0.1955957620011759}
{"eta_seconds": 5464.945590312855, "iteration": 59, "lr": 1.3644902038370133e-05, "time": 0.18949050600349437}
{"iteration": 65, "lr": 1.4829129364306076e-05, "time": 0.19553787499899045}
{"eta_seconds": 5470.887589440012, "iteration": 66}
{"iteration": 7, "lr": 3.38159854692527e-06, "time": 0.18853688849776518}
{"eta_seconds": 5277.336045940945, "iteration": 8}
{"iteration": 1, "lr": 2.1973712209893244e-06}
{"iteration": 9, "lr": 3.776340988903919e-06, "time": 0.18553919850091916}
{"eta_seconds": 5193.056626842226, "iteration": 10}
{"iteration": 16, "lr": 5.1579395358291895e-06, "time": 0.32401894399993125}
{"eta_seconds": 9066.698091006076, "iteration": 17}
{"iteration": 1, "lr": 2.1973712209893244e-06}
{"iteration": 4, "lr": 2.7894848839572976e-06, "time": 0.3040737750000062}
{"eta_seconds": 8512.241257350173, "iteration": 5}
{"iteration": 7, "lr": 3.38159854692527e-06, "time": 0.34326275050011645}
{"eta_seconds": 9608.267649248759, "iteration": 8}
